{
  "dechets": [
    {"adresse":"Mon adresse","poids":69,"locationLatitude":46.32616809935827,"locationLongitude":0.35444419831037516}
  ]
}